voter,choice,created,proposal
0x34925b991dce4e9A94490C8882a37c3Dc3C6C631,1,1672933903,"{'id': '0xb74e685ab7d692faea56a2f3051de00cf9c84f102259c8644c6bc5cb253bd04b', 'title': '[Epoch-15] MerkleTree Notarization', 'author': '0x0810C422E4abD05c752618B403d26cf60bB50B5C', 'created': 1672679490, 'start': 1672679472, 'end': 1672938672, 'choices': ['Valid', 'Invalid']}"
0x7e9463a9505bf728359d7d5498dEa59D03B96A69,1,1672931796,"{'id': '0xb74e685ab7d692faea56a2f3051de00cf9c84f102259c8644c6bc5cb253bd04b', 'title': '[Epoch-15] MerkleTree Notarization', 'author': '0x0810C422E4abD05c752618B403d26cf60bB50B5C', 'created': 1672679490, 'start': 1672679472, 'end': 1672938672, 'choices': ['Valid', 'Invalid']}"
0x20414D54BCCe87fF857caa49E8A0461e82e2D551,1,1672927566,"{'id': '0xb74e685ab7d692faea56a2f3051de00cf9c84f102259c8644c6bc5cb253bd04b', 'title': '[Epoch-15] MerkleTree Notarization', 'author': '0x0810C422E4abD05c752618B403d26cf60bB50B5C', 'created': 1672679490, 'start': 1672679472, 'end': 1672938672, 'choices': ['Valid', 'Invalid']}"
0x89d2D4934ee4F1f579056418e6aeb136Ee919d65,1,1672925660,"{'id': '0xb74e685ab7d692faea56a2f3051de00cf9c84f102259c8644c6bc5cb253bd04b', 'title': '[Epoch-15] MerkleTree Notarization', 'author': '0x0810C422E4abD05c752618B403d26cf60bB50B5C', 'created': 1672679490, 'start': 1672679472, 'end': 1672938672, 'choices': ['Valid', 'Invalid']}"
0xa30C7B2e676bE6b0C26D631c8161b62eBeBC3cD2,1,1672925628,"{'id': '0xb74e685ab7d692faea56a2f3051de00cf9c84f102259c8644c6bc5cb253bd04b', 'title': '[Epoch-15] MerkleTree Notarization', 'author': '0x0810C422E4abD05c752618B403d26cf60bB50B5C', 'created': 1672679490, 'start': 1672679472, 'end': 1672938672, 'choices': ['Valid', 'Invalid']}"
0x4281579D99d855F2430C95a13720e53a0fCC0549,1,1672925599,"{'id': '0xb74e685ab7d692faea56a2f3051de00cf9c84f102259c8644c6bc5cb253bd04b', 'title': '[Epoch-15] MerkleTree Notarization', 'author': '0x0810C422E4abD05c752618B403d26cf60bB50B5C', 'created': 1672679490, 'start': 1672679472, 'end': 1672938672, 'choices': ['Valid', 'Invalid']}"
0x542256Ef33279C5545AA71f4b3B6298990f30Ffc,1,1672925462,"{'id': '0xb74e685ab7d692faea56a2f3051de00cf9c84f102259c8644c6bc5cb253bd04b', 'title': '[Epoch-15] MerkleTree Notarization', 'author': '0x0810C422E4abD05c752618B403d26cf60bB50B5C', 'created': 1672679490, 'start': 1672679472, 'end': 1672938672, 'choices': ['Valid', 'Invalid']}"
0xA657c9292208320cC27Ff2CEE72388E9d7AfAD4A,1,1672924122,"{'id': '0xb74e685ab7d692faea56a2f3051de00cf9c84f102259c8644c6bc5cb253bd04b', 'title': '[Epoch-15] MerkleTree Notarization', 'author': '0x0810C422E4abD05c752618B403d26cf60bB50B5C', 'created': 1672679490, 'start': 1672679472, 'end': 1672938672, 'choices': ['Valid', 'Invalid']}"
0x929A5753C41eaed288F946bCBFe4a954Ad341797,1,1672921562,"{'id': '0xb74e685ab7d692faea56a2f3051de00cf9c84f102259c8644c6bc5cb253bd04b', 'title': '[Epoch-15] MerkleTree Notarization', 'author': '0x0810C422E4abD05c752618B403d26cf60bB50B5C', 'created': 1672679490, 'start': 1672679472, 'end': 1672938672, 'choices': ['Valid', 'Invalid']}"
0x8f9f865Aafd6487C7aC45a22bbb9278f8fc06d47,1,1672919796,"{'id': '0xb74e685ab7d692faea56a2f3051de00cf9c84f102259c8644c6bc5cb253bd04b', 'title': '[Epoch-15] MerkleTree Notarization', 'author': '0x0810C422E4abD05c752618B403d26cf60bB50B5C', 'created': 1672679490, 'start': 1672679472, 'end': 1672938672, 'choices': ['Valid', 'Invalid']}"
0x6b238d58bd9238A65e3A1B59e52722866F026663,1,1672917492,"{'id': '0xb74e685ab7d692faea56a2f3051de00cf9c84f102259c8644c6bc5cb253bd04b', 'title': '[Epoch-15] MerkleTree Notarization', 'author': '0x0810C422E4abD05c752618B403d26cf60bB50B5C', 'created': 1672679490, 'start': 1672679472, 'end': 1672938672, 'choices': ['Valid', 'Invalid']}"
0xdC6b5549763D893b01A41aCF0D7d77CCb44f3417,1,1672914332,"{'id': '0xb74e685ab7d692faea56a2f3051de00cf9c84f102259c8644c6bc5cb253bd04b', 'title': '[Epoch-15] MerkleTree Notarization', 'author': '0x0810C422E4abD05c752618B403d26cf60bB50B5C', 'created': 1672679490, 'start': 1672679472, 'end': 1672938672, 'choices': ['Valid', 'Invalid']}"
0x22e81335f9D4A609DF42f56ba5B583f565995296,1,1672914306,"{'id': '0xb74e685ab7d692faea56a2f3051de00cf9c84f102259c8644c6bc5cb253bd04b', 'title': '[Epoch-15] MerkleTree Notarization', 'author': '0x0810C422E4abD05c752618B403d26cf60bB50B5C', 'created': 1672679490, 'start': 1672679472, 'end': 1672938672, 'choices': ['Valid', 'Invalid']}"
0x7dd508a1e4Da1243789B799a480f8B45e58b1B5b,1,1672908302,"{'id': '0xb74e685ab7d692faea56a2f3051de00cf9c84f102259c8644c6bc5cb253bd04b', 'title': '[Epoch-15] MerkleTree Notarization', 'author': '0x0810C422E4abD05c752618B403d26cf60bB50B5C', 'created': 1672679490, 'start': 1672679472, 'end': 1672938672, 'choices': ['Valid', 'Invalid']}"
0xDE2cA70e71829962A99A2552D826ac37e51882E7,1,1672905925,"{'id': '0xb74e685ab7d692faea56a2f3051de00cf9c84f102259c8644c6bc5cb253bd04b', 'title': '[Epoch-15] MerkleTree Notarization', 'author': '0x0810C422E4abD05c752618B403d26cf60bB50B5C', 'created': 1672679490, 'start': 1672679472, 'end': 1672938672, 'choices': ['Valid', 'Invalid']}"
0x3b1aeeA1C8E8f627D0411Ebd2F3b655eD0Fdb7e4,1,1672904250,"{'id': '0xb74e685ab7d692faea56a2f3051de00cf9c84f102259c8644c6bc5cb253bd04b', 'title': '[Epoch-15] MerkleTree Notarization', 'author': '0x0810C422E4abD05c752618B403d26cf60bB50B5C', 'created': 1672679490, 'start': 1672679472, 'end': 1672938672, 'choices': ['Valid', 'Invalid']}"
0x9d77056156459335001147c870D10748182c6A86,1,1672904159,"{'id': '0xb74e685ab7d692faea56a2f3051de00cf9c84f102259c8644c6bc5cb253bd04b', 'title': '[Epoch-15] MerkleTree Notarization', 'author': '0x0810C422E4abD05c752618B403d26cf60bB50B5C', 'created': 1672679490, 'start': 1672679472, 'end': 1672938672, 'choices': ['Valid', 'Invalid']}"
0x17196B4d4b38335018FbACc031aD198bc92C5bee,1,1672902717,"{'id': '0xb74e685ab7d692faea56a2f3051de00cf9c84f102259c8644c6bc5cb253bd04b', 'title': '[Epoch-15] MerkleTree Notarization', 'author': '0x0810C422E4abD05c752618B403d26cf60bB50B5C', 'created': 1672679490, 'start': 1672679472, 'end': 1672938672, 'choices': ['Valid', 'Invalid']}"
0x4CB11cc4Ce988B40a6C20E798904199519a665fa,1,1672900024,"{'id': '0xb74e685ab7d692faea56a2f3051de00cf9c84f102259c8644c6bc5cb253bd04b', 'title': '[Epoch-15] MerkleTree Notarization', 'author': '0x0810C422E4abD05c752618B403d26cf60bB50B5C', 'created': 1672679490, 'start': 1672679472, 'end': 1672938672, 'choices': ['Valid', 'Invalid']}"
0x40aED6E410a780154a4dCF62c37dD8Ba54F08FfE,1,1672897763,"{'id': '0xb74e685ab7d692faea56a2f3051de00cf9c84f102259c8644c6bc5cb253bd04b', 'title': '[Epoch-15] MerkleTree Notarization', 'author': '0x0810C422E4abD05c752618B403d26cf60bB50B5C', 'created': 1672679490, 'start': 1672679472, 'end': 1672938672, 'choices': ['Valid', 'Invalid']}"
0xc330Feb66993346B932d397e085B6FC4234f97d9,1,1672897137,"{'id': '0xb74e685ab7d692faea56a2f3051de00cf9c84f102259c8644c6bc5cb253bd04b', 'title': '[Epoch-15] MerkleTree Notarization', 'author': '0x0810C422E4abD05c752618B403d26cf60bB50B5C', 'created': 1672679490, 'start': 1672679472, 'end': 1672938672, 'choices': ['Valid', 'Invalid']}"
0x25E937F3C4cbaEf3F92A19eE077D8e41D1ABBbC6,1,1672896501,"{'id': '0xb74e685ab7d692faea56a2f3051de00cf9c84f102259c8644c6bc5cb253bd04b', 'title': '[Epoch-15] MerkleTree Notarization', 'author': '0x0810C422E4abD05c752618B403d26cf60bB50B5C', 'created': 1672679490, 'start': 1672679472, 'end': 1672938672, 'choices': ['Valid', 'Invalid']}"
0xBA7e9Bb153F9c4C32903b721eB53B751E2c0bF12,1,1672885860,"{'id': '0xb74e685ab7d692faea56a2f3051de00cf9c84f102259c8644c6bc5cb253bd04b', 'title': '[Epoch-15] MerkleTree Notarization', 'author': '0x0810C422E4abD05c752618B403d26cf60bB50B5C', 'created': 1672679490, 'start': 1672679472, 'end': 1672938672, 'choices': ['Valid', 'Invalid']}"
0x2b614ecc9e91aF9D056EB8ACcCF5D9928A7cF4F7,1,1672884938,"{'id': '0xb74e685ab7d692faea56a2f3051de00cf9c84f102259c8644c6bc5cb253bd04b', 'title': '[Epoch-15] MerkleTree Notarization', 'author': '0x0810C422E4abD05c752618B403d26cf60bB50B5C', 'created': 1672679490, 'start': 1672679472, 'end': 1672938672, 'choices': ['Valid', 'Invalid']}"
0x73Cbc02516f5F4945cE2F2fACf002b2c6aA359e7,1,1672880610,"{'id': '0xb74e685ab7d692faea56a2f3051de00cf9c84f102259c8644c6bc5cb253bd04b', 'title': '[Epoch-15] MerkleTree Notarization', 'author': '0x0810C422E4abD05c752618B403d26cf60bB50B5C', 'created': 1672679490, 'start': 1672679472, 'end': 1672938672, 'choices': ['Valid', 'Invalid']}"
0xf06e77fd9289763C1EfdA7B6901f388F47656102,1,1672874776,"{'id': '0xb74e685ab7d692faea56a2f3051de00cf9c84f102259c8644c6bc5cb253bd04b', 'title': '[Epoch-15] MerkleTree Notarization', 'author': '0x0810C422E4abD05c752618B403d26cf60bB50B5C', 'created': 1672679490, 'start': 1672679472, 'end': 1672938672, 'choices': ['Valid', 'Invalid']}"
0xDb8D484c46cE6B0bd00f38a51b299EB129928AC0,1,1672869030,"{'id': '0xb74e685ab7d692faea56a2f3051de00cf9c84f102259c8644c6bc5cb253bd04b', 'title': '[Epoch-15] MerkleTree Notarization', 'author': '0x0810C422E4abD05c752618B403d26cf60bB50B5C', 'created': 1672679490, 'start': 1672679472, 'end': 1672938672, 'choices': ['Valid', 'Invalid']}"
0x56446712B219fcC34a5604f5E7AF5d50d65B6647,1,1672867239,"{'id': '0xb74e685ab7d692faea56a2f3051de00cf9c84f102259c8644c6bc5cb253bd04b', 'title': '[Epoch-15] MerkleTree Notarization', 'author': '0x0810C422E4abD05c752618B403d26cf60bB50B5C', 'created': 1672679490, 'start': 1672679472, 'end': 1672938672, 'choices': ['Valid', 'Invalid']}"
0x002B5dfB3C71E1dC97A2e5A0A7f69F3e7b83F269,1,1672864417,"{'id': '0xb74e685ab7d692faea56a2f3051de00cf9c84f102259c8644c6bc5cb253bd04b', 'title': '[Epoch-15] MerkleTree Notarization', 'author': '0x0810C422E4abD05c752618B403d26cf60bB50B5C', 'created': 1672679490, 'start': 1672679472, 'end': 1672938672, 'choices': ['Valid', 'Invalid']}"
0x4282Ec9835edad61b9A58Fa02b78369D0978C430,1,1672858417,"{'id': '0xb74e685ab7d692faea56a2f3051de00cf9c84f102259c8644c6bc5cb253bd04b', 'title': '[Epoch-15] MerkleTree Notarization', 'author': '0x0810C422E4abD05c752618B403d26cf60bB50B5C', 'created': 1672679490, 'start': 1672679472, 'end': 1672938672, 'choices': ['Valid', 'Invalid']}"
0x5e8E40Cc5861CAeBC75fA470a48752F157A28024,1,1672852628,"{'id': '0xb74e685ab7d692faea56a2f3051de00cf9c84f102259c8644c6bc5cb253bd04b', 'title': '[Epoch-15] MerkleTree Notarization', 'author': '0x0810C422E4abD05c752618B403d26cf60bB50B5C', 'created': 1672679490, 'start': 1672679472, 'end': 1672938672, 'choices': ['Valid', 'Invalid']}"
0x6C56Ec6B28f2D1941d6C6B65988EE51dcB6accCb,1,1672850784,"{'id': '0xb74e685ab7d692faea56a2f3051de00cf9c84f102259c8644c6bc5cb253bd04b', 'title': '[Epoch-15] MerkleTree Notarization', 'author': '0x0810C422E4abD05c752618B403d26cf60bB50B5C', 'created': 1672679490, 'start': 1672679472, 'end': 1672938672, 'choices': ['Valid', 'Invalid']}"
0x3b78637E124f302cA73257Ea6bABC705ac0208dc,1,1672848438,"{'id': '0xb74e685ab7d692faea56a2f3051de00cf9c84f102259c8644c6bc5cb253bd04b', 'title': '[Epoch-15] MerkleTree Notarization', 'author': '0x0810C422E4abD05c752618B403d26cf60bB50B5C', 'created': 1672679490, 'start': 1672679472, 'end': 1672938672, 'choices': ['Valid', 'Invalid']}"
0x33f6EE932cEa603Fafd6854827259bE172C91Da4,1,1672847547,"{'id': '0xb74e685ab7d692faea56a2f3051de00cf9c84f102259c8644c6bc5cb253bd04b', 'title': '[Epoch-15] MerkleTree Notarization', 'author': '0x0810C422E4abD05c752618B403d26cf60bB50B5C', 'created': 1672679490, 'start': 1672679472, 'end': 1672938672, 'choices': ['Valid', 'Invalid']}"
0x4796E4aFD565e43B7267F1688ec09B6A246cB5fc,1,1672844641,"{'id': '0xb74e685ab7d692faea56a2f3051de00cf9c84f102259c8644c6bc5cb253bd04b', 'title': '[Epoch-15] MerkleTree Notarization', 'author': '0x0810C422E4abD05c752618B403d26cf60bB50B5C', 'created': 1672679490, 'start': 1672679472, 'end': 1672938672, 'choices': ['Valid', 'Invalid']}"
0x2346B18e56010272035e8eA7CF4C757Fc4E3f46a,1,1672844423,"{'id': '0xb74e685ab7d692faea56a2f3051de00cf9c84f102259c8644c6bc5cb253bd04b', 'title': '[Epoch-15] MerkleTree Notarization', 'author': '0x0810C422E4abD05c752618B403d26cf60bB50B5C', 'created': 1672679490, 'start': 1672679472, 'end': 1672938672, 'choices': ['Valid', 'Invalid']}"
0x2B29833a831207A3B92102b0708B32D624AA0F65,1,1672842225,"{'id': '0xb74e685ab7d692faea56a2f3051de00cf9c84f102259c8644c6bc5cb253bd04b', 'title': '[Epoch-15] MerkleTree Notarization', 'author': '0x0810C422E4abD05c752618B403d26cf60bB50B5C', 'created': 1672679490, 'start': 1672679472, 'end': 1672938672, 'choices': ['Valid', 'Invalid']}"
0x5d47e5D242a8F66a6286b0a2353868875F5d6068,1,1672838643,"{'id': '0xb74e685ab7d692faea56a2f3051de00cf9c84f102259c8644c6bc5cb253bd04b', 'title': '[Epoch-15] MerkleTree Notarization', 'author': '0x0810C422E4abD05c752618B403d26cf60bB50B5C', 'created': 1672679490, 'start': 1672679472, 'end': 1672938672, 'choices': ['Valid', 'Invalid']}"
0x719028736f10164c838Ef129936779eD739312f2,1,1672835466,"{'id': '0xb74e685ab7d692faea56a2f3051de00cf9c84f102259c8644c6bc5cb253bd04b', 'title': '[Epoch-15] MerkleTree Notarization', 'author': '0x0810C422E4abD05c752618B403d26cf60bB50B5C', 'created': 1672679490, 'start': 1672679472, 'end': 1672938672, 'choices': ['Valid', 'Invalid']}"
0xfaFB1fCf2252A1836cB09cd5027aBd42aFfccAF4,1,1672828646,"{'id': '0xb74e685ab7d692faea56a2f3051de00cf9c84f102259c8644c6bc5cb253bd04b', 'title': '[Epoch-15] MerkleTree Notarization', 'author': '0x0810C422E4abD05c752618B403d26cf60bB50B5C', 'created': 1672679490, 'start': 1672679472, 'end': 1672938672, 'choices': ['Valid', 'Invalid']}"
0x305308cC98560E63e933A6bD70392617c9829BF8,1,1672822587,"{'id': '0xb74e685ab7d692faea56a2f3051de00cf9c84f102259c8644c6bc5cb253bd04b', 'title': '[Epoch-15] MerkleTree Notarization', 'author': '0x0810C422E4abD05c752618B403d26cf60bB50B5C', 'created': 1672679490, 'start': 1672679472, 'end': 1672938672, 'choices': ['Valid', 'Invalid']}"
0x797BC498EdEE4357a16a1054dB0323CbD04C84c3,1,1672821889,"{'id': '0xb74e685ab7d692faea56a2f3051de00cf9c84f102259c8644c6bc5cb253bd04b', 'title': '[Epoch-15] MerkleTree Notarization', 'author': '0x0810C422E4abD05c752618B403d26cf60bB50B5C', 'created': 1672679490, 'start': 1672679472, 'end': 1672938672, 'choices': ['Valid', 'Invalid']}"
0xdD62107B880489C9183b01Bc231De0631fD050C8,1,1672821334,"{'id': '0xb74e685ab7d692faea56a2f3051de00cf9c84f102259c8644c6bc5cb253bd04b', 'title': '[Epoch-15] MerkleTree Notarization', 'author': '0x0810C422E4abD05c752618B403d26cf60bB50B5C', 'created': 1672679490, 'start': 1672679472, 'end': 1672938672, 'choices': ['Valid', 'Invalid']}"
0x44aFfd16cc53Ffb96E40c3caeF33261600DeF1AA,1,1672820997,"{'id': '0xb74e685ab7d692faea56a2f3051de00cf9c84f102259c8644c6bc5cb253bd04b', 'title': '[Epoch-15] MerkleTree Notarization', 'author': '0x0810C422E4abD05c752618B403d26cf60bB50B5C', 'created': 1672679490, 'start': 1672679472, 'end': 1672938672, 'choices': ['Valid', 'Invalid']}"
0x05553bA4d6c81d877543A168E3238C07978Cc083,1,1672819805,"{'id': '0xb74e685ab7d692faea56a2f3051de00cf9c84f102259c8644c6bc5cb253bd04b', 'title': '[Epoch-15] MerkleTree Notarization', 'author': '0x0810C422E4abD05c752618B403d26cf60bB50B5C', 'created': 1672679490, 'start': 1672679472, 'end': 1672938672, 'choices': ['Valid', 'Invalid']}"
0xb8530006b544561E8Ae916bD34b06E6D7Ad0c001,1,1672817874,"{'id': '0xb74e685ab7d692faea56a2f3051de00cf9c84f102259c8644c6bc5cb253bd04b', 'title': '[Epoch-15] MerkleTree Notarization', 'author': '0x0810C422E4abD05c752618B403d26cf60bB50B5C', 'created': 1672679490, 'start': 1672679472, 'end': 1672938672, 'choices': ['Valid', 'Invalid']}"
0xa8Ea1D3A26652996d1342880D1708C6742f33bCB,1,1672817196,"{'id': '0xb74e685ab7d692faea56a2f3051de00cf9c84f102259c8644c6bc5cb253bd04b', 'title': '[Epoch-15] MerkleTree Notarization', 'author': '0x0810C422E4abD05c752618B403d26cf60bB50B5C', 'created': 1672679490, 'start': 1672679472, 'end': 1672938672, 'choices': ['Valid', 'Invalid']}"
0x1Ec289BD5F002B7969887b8E18a1625052a67D0d,1,1672812550,"{'id': '0xb74e685ab7d692faea56a2f3051de00cf9c84f102259c8644c6bc5cb253bd04b', 'title': '[Epoch-15] MerkleTree Notarization', 'author': '0x0810C422E4abD05c752618B403d26cf60bB50B5C', 'created': 1672679490, 'start': 1672679472, 'end': 1672938672, 'choices': ['Valid', 'Invalid']}"
0xB26B5137BE5A7bB991Fa63A36a8EaA3daF394B7b,1,1672810036,"{'id': '0xb74e685ab7d692faea56a2f3051de00cf9c84f102259c8644c6bc5cb253bd04b', 'title': '[Epoch-15] MerkleTree Notarization', 'author': '0x0810C422E4abD05c752618B403d26cf60bB50B5C', 'created': 1672679490, 'start': 1672679472, 'end': 1672938672, 'choices': ['Valid', 'Invalid']}"
0x34475AB5EC2795Bb4f6E9CeFC241bE51455ad266,1,1672810001,"{'id': '0xb74e685ab7d692faea56a2f3051de00cf9c84f102259c8644c6bc5cb253bd04b', 'title': '[Epoch-15] MerkleTree Notarization', 'author': '0x0810C422E4abD05c752618B403d26cf60bB50B5C', 'created': 1672679490, 'start': 1672679472, 'end': 1672938672, 'choices': ['Valid', 'Invalid']}"
0xdC6CE98A9020905973C9C026c6f3e34df9998D8A,1,1672809815,"{'id': '0xb74e685ab7d692faea56a2f3051de00cf9c84f102259c8644c6bc5cb253bd04b', 'title': '[Epoch-15] MerkleTree Notarization', 'author': '0x0810C422E4abD05c752618B403d26cf60bB50B5C', 'created': 1672679490, 'start': 1672679472, 'end': 1672938672, 'choices': ['Valid', 'Invalid']}"
0x41587094C1Ba4463e29E772aE03BF9a132e8809C,1,1672785933,"{'id': '0xb74e685ab7d692faea56a2f3051de00cf9c84f102259c8644c6bc5cb253bd04b', 'title': '[Epoch-15] MerkleTree Notarization', 'author': '0x0810C422E4abD05c752618B403d26cf60bB50B5C', 'created': 1672679490, 'start': 1672679472, 'end': 1672938672, 'choices': ['Valid', 'Invalid']}"
0x3bd59eD16c462b4464091830DAB828dce079076f,1,1672783058,"{'id': '0xb74e685ab7d692faea56a2f3051de00cf9c84f102259c8644c6bc5cb253bd04b', 'title': '[Epoch-15] MerkleTree Notarization', 'author': '0x0810C422E4abD05c752618B403d26cf60bB50B5C', 'created': 1672679490, 'start': 1672679472, 'end': 1672938672, 'choices': ['Valid', 'Invalid']}"
0xC9C03900134fa324422519852094792298c71825,1,1672781718,"{'id': '0xb74e685ab7d692faea56a2f3051de00cf9c84f102259c8644c6bc5cb253bd04b', 'title': '[Epoch-15] MerkleTree Notarization', 'author': '0x0810C422E4abD05c752618B403d26cf60bB50B5C', 'created': 1672679490, 'start': 1672679472, 'end': 1672938672, 'choices': ['Valid', 'Invalid']}"
0x111cD92405B1Dfbd19882D361418F49D99d8FED8,1,1672780398,"{'id': '0xb74e685ab7d692faea56a2f3051de00cf9c84f102259c8644c6bc5cb253bd04b', 'title': '[Epoch-15] MerkleTree Notarization', 'author': '0x0810C422E4abD05c752618B403d26cf60bB50B5C', 'created': 1672679490, 'start': 1672679472, 'end': 1672938672, 'choices': ['Valid', 'Invalid']}"
0x1CA4C34b18ECF1df4bA7E2AE0EC1FC5960C349d9,1,1672779720,"{'id': '0xb74e685ab7d692faea56a2f3051de00cf9c84f102259c8644c6bc5cb253bd04b', 'title': '[Epoch-15] MerkleTree Notarization', 'author': '0x0810C422E4abD05c752618B403d26cf60bB50B5C', 'created': 1672679490, 'start': 1672679472, 'end': 1672938672, 'choices': ['Valid', 'Invalid']}"
0x3704fa506D4A38199e7Aa1BbeA7d55846CA35fbe,1,1672779662,"{'id': '0xb74e685ab7d692faea56a2f3051de00cf9c84f102259c8644c6bc5cb253bd04b', 'title': '[Epoch-15] MerkleTree Notarization', 'author': '0x0810C422E4abD05c752618B403d26cf60bB50B5C', 'created': 1672679490, 'start': 1672679472, 'end': 1672938672, 'choices': ['Valid', 'Invalid']}"
0x5E744ecAc619E7b76C2F22e4B6015F5590eDD204,1,1672774383,"{'id': '0xb74e685ab7d692faea56a2f3051de00cf9c84f102259c8644c6bc5cb253bd04b', 'title': '[Epoch-15] MerkleTree Notarization', 'author': '0x0810C422E4abD05c752618B403d26cf60bB50B5C', 'created': 1672679490, 'start': 1672679472, 'end': 1672938672, 'choices': ['Valid', 'Invalid']}"
0x5b0D3243c78fB9d4AC035fB2384FFdf7A9eF6396,1,1672774361,"{'id': '0xb74e685ab7d692faea56a2f3051de00cf9c84f102259c8644c6bc5cb253bd04b', 'title': '[Epoch-15] MerkleTree Notarization', 'author': '0x0810C422E4abD05c752618B403d26cf60bB50B5C', 'created': 1672679490, 'start': 1672679472, 'end': 1672938672, 'choices': ['Valid', 'Invalid']}"
0xa6D1FEda6fc70680816eF6A23faf5e454e2f9C09,1,1672772650,"{'id': '0xb74e685ab7d692faea56a2f3051de00cf9c84f102259c8644c6bc5cb253bd04b', 'title': '[Epoch-15] MerkleTree Notarization', 'author': '0x0810C422E4abD05c752618B403d26cf60bB50B5C', 'created': 1672679490, 'start': 1672679472, 'end': 1672938672, 'choices': ['Valid', 'Invalid']}"
0x0A41387C22272749b22B4f777F1543964C19A854,1,1672772196,"{'id': '0xb74e685ab7d692faea56a2f3051de00cf9c84f102259c8644c6bc5cb253bd04b', 'title': '[Epoch-15] MerkleTree Notarization', 'author': '0x0810C422E4abD05c752618B403d26cf60bB50B5C', 'created': 1672679490, 'start': 1672679472, 'end': 1672938672, 'choices': ['Valid', 'Invalid']}"
0xF3DD72AC3c9833574491861793e8fFe1f07c8905,1,1672769138,"{'id': '0xb74e685ab7d692faea56a2f3051de00cf9c84f102259c8644c6bc5cb253bd04b', 'title': '[Epoch-15] MerkleTree Notarization', 'author': '0x0810C422E4abD05c752618B403d26cf60bB50B5C', 'created': 1672679490, 'start': 1672679472, 'end': 1672938672, 'choices': ['Valid', 'Invalid']}"
0x0252d89c8781b88858d5A2dbb8b9CF613f84917D,1,1672768775,"{'id': '0xb74e685ab7d692faea56a2f3051de00cf9c84f102259c8644c6bc5cb253bd04b', 'title': '[Epoch-15] MerkleTree Notarization', 'author': '0x0810C422E4abD05c752618B403d26cf60bB50B5C', 'created': 1672679490, 'start': 1672679472, 'end': 1672938672, 'choices': ['Valid', 'Invalid']}"
0x67017BEbE2A4B8645B28F83D5D472618b35a1230,1,1672765951,"{'id': '0xb74e685ab7d692faea56a2f3051de00cf9c84f102259c8644c6bc5cb253bd04b', 'title': '[Epoch-15] MerkleTree Notarization', 'author': '0x0810C422E4abD05c752618B403d26cf60bB50B5C', 'created': 1672679490, 'start': 1672679472, 'end': 1672938672, 'choices': ['Valid', 'Invalid']}"
0x98026cCe01f9A30A7D645F5a9FcDcD7f83DFa995,1,1672759593,"{'id': '0xb74e685ab7d692faea56a2f3051de00cf9c84f102259c8644c6bc5cb253bd04b', 'title': '[Epoch-15] MerkleTree Notarization', 'author': '0x0810C422E4abD05c752618B403d26cf60bB50B5C', 'created': 1672679490, 'start': 1672679472, 'end': 1672938672, 'choices': ['Valid', 'Invalid']}"
0x3a0c5583d5AbADEcD7bb043709c4b1aED89267D6,1,1672759218,"{'id': '0xb74e685ab7d692faea56a2f3051de00cf9c84f102259c8644c6bc5cb253bd04b', 'title': '[Epoch-15] MerkleTree Notarization', 'author': '0x0810C422E4abD05c752618B403d26cf60bB50B5C', 'created': 1672679490, 'start': 1672679472, 'end': 1672938672, 'choices': ['Valid', 'Invalid']}"
0x00BA3CA0B6Df1486c912893d9f288311A60ED753,1,1672758449,"{'id': '0xb74e685ab7d692faea56a2f3051de00cf9c84f102259c8644c6bc5cb253bd04b', 'title': '[Epoch-15] MerkleTree Notarization', 'author': '0x0810C422E4abD05c752618B403d26cf60bB50B5C', 'created': 1672679490, 'start': 1672679472, 'end': 1672938672, 'choices': ['Valid', 'Invalid']}"
0xdeEa4b6448fDdb2a8223a4af773378e047BA253D,1,1672758054,"{'id': '0xb74e685ab7d692faea56a2f3051de00cf9c84f102259c8644c6bc5cb253bd04b', 'title': '[Epoch-15] MerkleTree Notarization', 'author': '0x0810C422E4abD05c752618B403d26cf60bB50B5C', 'created': 1672679490, 'start': 1672679472, 'end': 1672938672, 'choices': ['Valid', 'Invalid']}"
0xD6ccB9d49A2ecd78efC35D6C733214029a1C74cB,1,1672757974,"{'id': '0xb74e685ab7d692faea56a2f3051de00cf9c84f102259c8644c6bc5cb253bd04b', 'title': '[Epoch-15] MerkleTree Notarization', 'author': '0x0810C422E4abD05c752618B403d26cf60bB50B5C', 'created': 1672679490, 'start': 1672679472, 'end': 1672938672, 'choices': ['Valid', 'Invalid']}"
0xe0260a8dF025590E1982b5B284b7B1786916C04D,1,1672756992,"{'id': '0xb74e685ab7d692faea56a2f3051de00cf9c84f102259c8644c6bc5cb253bd04b', 'title': '[Epoch-15] MerkleTree Notarization', 'author': '0x0810C422E4abD05c752618B403d26cf60bB50B5C', 'created': 1672679490, 'start': 1672679472, 'end': 1672938672, 'choices': ['Valid', 'Invalid']}"
0xE70CfdB698Dde588c398Afc0563EbF5616aD33B2,1,1672756563,"{'id': '0xb74e685ab7d692faea56a2f3051de00cf9c84f102259c8644c6bc5cb253bd04b', 'title': '[Epoch-15] MerkleTree Notarization', 'author': '0x0810C422E4abD05c752618B403d26cf60bB50B5C', 'created': 1672679490, 'start': 1672679472, 'end': 1672938672, 'choices': ['Valid', 'Invalid']}"
0x4089EDF29eC3008d7D99Bf565D03E8Ebb388E8a3,1,1672756497,"{'id': '0xb74e685ab7d692faea56a2f3051de00cf9c84f102259c8644c6bc5cb253bd04b', 'title': '[Epoch-15] MerkleTree Notarization', 'author': '0x0810C422E4abD05c752618B403d26cf60bB50B5C', 'created': 1672679490, 'start': 1672679472, 'end': 1672938672, 'choices': ['Valid', 'Invalid']}"
0x4c8330894F7081913d2Dd0DD7E54845eB5F2d870,1,1672756433,"{'id': '0xb74e685ab7d692faea56a2f3051de00cf9c84f102259c8644c6bc5cb253bd04b', 'title': '[Epoch-15] MerkleTree Notarization', 'author': '0x0810C422E4abD05c752618B403d26cf60bB50B5C', 'created': 1672679490, 'start': 1672679472, 'end': 1672938672, 'choices': ['Valid', 'Invalid']}"
0xf664ec073b41FD45ba6b6E9B8a83879214b2cE50,1,1672756306,"{'id': '0xb74e685ab7d692faea56a2f3051de00cf9c84f102259c8644c6bc5cb253bd04b', 'title': '[Epoch-15] MerkleTree Notarization', 'author': '0x0810C422E4abD05c752618B403d26cf60bB50B5C', 'created': 1672679490, 'start': 1672679472, 'end': 1672938672, 'choices': ['Valid', 'Invalid']}"
0x205F9409E0a28dBc7E19A53CC14b9b2eafF9c2B1,1,1672756238,"{'id': '0xb74e685ab7d692faea56a2f3051de00cf9c84f102259c8644c6bc5cb253bd04b', 'title': '[Epoch-15] MerkleTree Notarization', 'author': '0x0810C422E4abD05c752618B403d26cf60bB50B5C', 'created': 1672679490, 'start': 1672679472, 'end': 1672938672, 'choices': ['Valid', 'Invalid']}"
0x0331DEbc490c5540ef4773da5B9Df146aa2D58c3,1,1672756174,"{'id': '0xb74e685ab7d692faea56a2f3051de00cf9c84f102259c8644c6bc5cb253bd04b', 'title': '[Epoch-15] MerkleTree Notarization', 'author': '0x0810C422E4abD05c752618B403d26cf60bB50B5C', 'created': 1672679490, 'start': 1672679472, 'end': 1672938672, 'choices': ['Valid', 'Invalid']}"
0x21F35f686f4e907A1A46D67fE506E9f2a1ef64d0,1,1672754841,"{'id': '0xb74e685ab7d692faea56a2f3051de00cf9c84f102259c8644c6bc5cb253bd04b', 'title': '[Epoch-15] MerkleTree Notarization', 'author': '0x0810C422E4abD05c752618B403d26cf60bB50B5C', 'created': 1672679490, 'start': 1672679472, 'end': 1672938672, 'choices': ['Valid', 'Invalid']}"
0xDe255AEefD61d58Eb2eE99C8Fd08c4c46213a734,1,1672753770,"{'id': '0xb74e685ab7d692faea56a2f3051de00cf9c84f102259c8644c6bc5cb253bd04b', 'title': '[Epoch-15] MerkleTree Notarization', 'author': '0x0810C422E4abD05c752618B403d26cf60bB50B5C', 'created': 1672679490, 'start': 1672679472, 'end': 1672938672, 'choices': ['Valid', 'Invalid']}"
0xB4dC4C7460c58E7652Cd615675a1F707EbB67E9a,1,1672751862,"{'id': '0xb74e685ab7d692faea56a2f3051de00cf9c84f102259c8644c6bc5cb253bd04b', 'title': '[Epoch-15] MerkleTree Notarization', 'author': '0x0810C422E4abD05c752618B403d26cf60bB50B5C', 'created': 1672679490, 'start': 1672679472, 'end': 1672938672, 'choices': ['Valid', 'Invalid']}"
0x657340f8F3187bB251700edE07140aaA93C08c35,1,1672751534,"{'id': '0xb74e685ab7d692faea56a2f3051de00cf9c84f102259c8644c6bc5cb253bd04b', 'title': '[Epoch-15] MerkleTree Notarization', 'author': '0x0810C422E4abD05c752618B403d26cf60bB50B5C', 'created': 1672679490, 'start': 1672679472, 'end': 1672938672, 'choices': ['Valid', 'Invalid']}"
0xCA2fcDEFC09c1EaB0b91b66EbD3eB8401852fE5D,1,1672751008,"{'id': '0xb74e685ab7d692faea56a2f3051de00cf9c84f102259c8644c6bc5cb253bd04b', 'title': '[Epoch-15] MerkleTree Notarization', 'author': '0x0810C422E4abD05c752618B403d26cf60bB50B5C', 'created': 1672679490, 'start': 1672679472, 'end': 1672938672, 'choices': ['Valid', 'Invalid']}"
0x84bcfa8Fe160b271dc49B1Fb263ad995e0C2c1dF,1,1672750735,"{'id': '0xb74e685ab7d692faea56a2f3051de00cf9c84f102259c8644c6bc5cb253bd04b', 'title': '[Epoch-15] MerkleTree Notarization', 'author': '0x0810C422E4abD05c752618B403d26cf60bB50B5C', 'created': 1672679490, 'start': 1672679472, 'end': 1672938672, 'choices': ['Valid', 'Invalid']}"
0x21210E9f52300880E61D0fD0D08d1b882a6369f9,1,1672750709,"{'id': '0xb74e685ab7d692faea56a2f3051de00cf9c84f102259c8644c6bc5cb253bd04b', 'title': '[Epoch-15] MerkleTree Notarization', 'author': '0x0810C422E4abD05c752618B403d26cf60bB50B5C', 'created': 1672679490, 'start': 1672679472, 'end': 1672938672, 'choices': ['Valid', 'Invalid']}"
0x4188c45B8dfC8998Ceee2398e746deC2797B0961,1,1672750665,"{'id': '0xb74e685ab7d692faea56a2f3051de00cf9c84f102259c8644c6bc5cb253bd04b', 'title': '[Epoch-15] MerkleTree Notarization', 'author': '0x0810C422E4abD05c752618B403d26cf60bB50B5C', 'created': 1672679490, 'start': 1672679472, 'end': 1672938672, 'choices': ['Valid', 'Invalid']}"
0x854f18D14E09Af41AA458A9DF7aa5Bd0cd3BE7E6,1,1672750641,"{'id': '0xb74e685ab7d692faea56a2f3051de00cf9c84f102259c8644c6bc5cb253bd04b', 'title': '[Epoch-15] MerkleTree Notarization', 'author': '0x0810C422E4abD05c752618B403d26cf60bB50B5C', 'created': 1672679490, 'start': 1672679472, 'end': 1672938672, 'choices': ['Valid', 'Invalid']}"
0xF8C84C6A4f1083f7a7Fd94885B303A3974116D82,1,1672750590,"{'id': '0xb74e685ab7d692faea56a2f3051de00cf9c84f102259c8644c6bc5cb253bd04b', 'title': '[Epoch-15] MerkleTree Notarization', 'author': '0x0810C422E4abD05c752618B403d26cf60bB50B5C', 'created': 1672679490, 'start': 1672679472, 'end': 1672938672, 'choices': ['Valid', 'Invalid']}"
0xAC9283ebcd0c41FAA7A5399Ad94acc444954b446,1,1672750363,"{'id': '0xb74e685ab7d692faea56a2f3051de00cf9c84f102259c8644c6bc5cb253bd04b', 'title': '[Epoch-15] MerkleTree Notarization', 'author': '0x0810C422E4abD05c752618B403d26cf60bB50B5C', 'created': 1672679490, 'start': 1672679472, 'end': 1672938672, 'choices': ['Valid', 'Invalid']}"
0xe5cD86ff7f825a0ff6f699828D5c9bf163C0e3F9,1,1672747567,"{'id': '0xb74e685ab7d692faea56a2f3051de00cf9c84f102259c8644c6bc5cb253bd04b', 'title': '[Epoch-15] MerkleTree Notarization', 'author': '0x0810C422E4abD05c752618B403d26cf60bB50B5C', 'created': 1672679490, 'start': 1672679472, 'end': 1672938672, 'choices': ['Valid', 'Invalid']}"
0x52876dAFDc67238390477Bb2403BdC8021944ddc,1,1672745903,"{'id': '0xb74e685ab7d692faea56a2f3051de00cf9c84f102259c8644c6bc5cb253bd04b', 'title': '[Epoch-15] MerkleTree Notarization', 'author': '0x0810C422E4abD05c752618B403d26cf60bB50B5C', 'created': 1672679490, 'start': 1672679472, 'end': 1672938672, 'choices': ['Valid', 'Invalid']}"
0x9c57027B1eca93093a6F446422C59C85A5A3Fa52,1,1672745097,"{'id': '0xb74e685ab7d692faea56a2f3051de00cf9c84f102259c8644c6bc5cb253bd04b', 'title': '[Epoch-15] MerkleTree Notarization', 'author': '0x0810C422E4abD05c752618B403d26cf60bB50B5C', 'created': 1672679490, 'start': 1672679472, 'end': 1672938672, 'choices': ['Valid', 'Invalid']}"
0x6593f0DC654597A5Bf2f78224FEEF81a545C1222,1,1672744090,"{'id': '0xb74e685ab7d692faea56a2f3051de00cf9c84f102259c8644c6bc5cb253bd04b', 'title': '[Epoch-15] MerkleTree Notarization', 'author': '0x0810C422E4abD05c752618B403d26cf60bB50B5C', 'created': 1672679490, 'start': 1672679472, 'end': 1672938672, 'choices': ['Valid', 'Invalid']}"
0x1DF7f562F33bdeb744FF93d987590FC47502B028,1,1672743389,"{'id': '0xb74e685ab7d692faea56a2f3051de00cf9c84f102259c8644c6bc5cb253bd04b', 'title': '[Epoch-15] MerkleTree Notarization', 'author': '0x0810C422E4abD05c752618B403d26cf60bB50B5C', 'created': 1672679490, 'start': 1672679472, 'end': 1672938672, 'choices': ['Valid', 'Invalid']}"
0x124C5E21A073Fb4694308fBDF72aF362451EAe12,1,1672743131,"{'id': '0xb74e685ab7d692faea56a2f3051de00cf9c84f102259c8644c6bc5cb253bd04b', 'title': '[Epoch-15] MerkleTree Notarization', 'author': '0x0810C422E4abD05c752618B403d26cf60bB50B5C', 'created': 1672679490, 'start': 1672679472, 'end': 1672938672, 'choices': ['Valid', 'Invalid']}"
0x9FEfB01133F63D81b10BCa1Ee47BE40ef6535443,1,1672741641,"{'id': '0xb74e685ab7d692faea56a2f3051de00cf9c84f102259c8644c6bc5cb253bd04b', 'title': '[Epoch-15] MerkleTree Notarization', 'author': '0x0810C422E4abD05c752618B403d26cf60bB50B5C', 'created': 1672679490, 'start': 1672679472, 'end': 1672938672, 'choices': ['Valid', 'Invalid']}"
0x427197B1FB076c110f5d2bae24Fb05FED97C0456,1,1672741149,"{'id': '0xb74e685ab7d692faea56a2f3051de00cf9c84f102259c8644c6bc5cb253bd04b', 'title': '[Epoch-15] MerkleTree Notarization', 'author': '0x0810C422E4abD05c752618B403d26cf60bB50B5C', 'created': 1672679490, 'start': 1672679472, 'end': 1672938672, 'choices': ['Valid', 'Invalid']}"
0x0008bb335a71A97AE89CF99388d7BE70d7Ef4660,1,1672740895,"{'id': '0xb74e685ab7d692faea56a2f3051de00cf9c84f102259c8644c6bc5cb253bd04b', 'title': '[Epoch-15] MerkleTree Notarization', 'author': '0x0810C422E4abD05c752618B403d26cf60bB50B5C', 'created': 1672679490, 'start': 1672679472, 'end': 1672938672, 'choices': ['Valid', 'Invalid']}"
0xB0331b22161cA290A15f825A29C008dCB5e1ff68,1,1672740731,"{'id': '0xb74e685ab7d692faea56a2f3051de00cf9c84f102259c8644c6bc5cb253bd04b', 'title': '[Epoch-15] MerkleTree Notarization', 'author': '0x0810C422E4abD05c752618B403d26cf60bB50B5C', 'created': 1672679490, 'start': 1672679472, 'end': 1672938672, 'choices': ['Valid', 'Invalid']}"
0x74C4623d7609F3eB2665aD32Ff96B44856b6051b,1,1672735702,"{'id': '0xb74e685ab7d692faea56a2f3051de00cf9c84f102259c8644c6bc5cb253bd04b', 'title': '[Epoch-15] MerkleTree Notarization', 'author': '0x0810C422E4abD05c752618B403d26cf60bB50B5C', 'created': 1672679490, 'start': 1672679472, 'end': 1672938672, 'choices': ['Valid', 'Invalid']}"
0x9A0fAD09FE4eFb7Bfa3387CF548B1c5d023Be8De,1,1672735437,"{'id': '0xb74e685ab7d692faea56a2f3051de00cf9c84f102259c8644c6bc5cb253bd04b', 'title': '[Epoch-15] MerkleTree Notarization', 'author': '0x0810C422E4abD05c752618B403d26cf60bB50B5C', 'created': 1672679490, 'start': 1672679472, 'end': 1672938672, 'choices': ['Valid', 'Invalid']}"
0x8e2540edfA7410B6f32f54D4cBF715Acfe2F2e5B,1,1672733600,"{'id': '0xb74e685ab7d692faea56a2f3051de00cf9c84f102259c8644c6bc5cb253bd04b', 'title': '[Epoch-15] MerkleTree Notarization', 'author': '0x0810C422E4abD05c752618B403d26cf60bB50B5C', 'created': 1672679490, 'start': 1672679472, 'end': 1672938672, 'choices': ['Valid', 'Invalid']}"
0x19dd92C9A9c4Eb6f0426846C4F8a071A7b79209A,1,1672733111,"{'id': '0xb74e685ab7d692faea56a2f3051de00cf9c84f102259c8644c6bc5cb253bd04b', 'title': '[Epoch-15] MerkleTree Notarization', 'author': '0x0810C422E4abD05c752618B403d26cf60bB50B5C', 'created': 1672679490, 'start': 1672679472, 'end': 1672938672, 'choices': ['Valid', 'Invalid']}"
0xd27d90b337717Fd91C4D409F712B890D4eE2FdD6,1,1672731649,"{'id': '0xb74e685ab7d692faea56a2f3051de00cf9c84f102259c8644c6bc5cb253bd04b', 'title': '[Epoch-15] MerkleTree Notarization', 'author': '0x0810C422E4abD05c752618B403d26cf60bB50B5C', 'created': 1672679490, 'start': 1672679472, 'end': 1672938672, 'choices': ['Valid', 'Invalid']}"
0x80FDc30D21A672EeF723b809Ed4ba7c91728D421,1,1672731298,"{'id': '0xb74e685ab7d692faea56a2f3051de00cf9c84f102259c8644c6bc5cb253bd04b', 'title': '[Epoch-15] MerkleTree Notarization', 'author': '0x0810C422E4abD05c752618B403d26cf60bB50B5C', 'created': 1672679490, 'start': 1672679472, 'end': 1672938672, 'choices': ['Valid', 'Invalid']}"
0x88535807ec0372e036De140612B3cc1bAb2bC7a5,1,1672730823,"{'id': '0xb74e685ab7d692faea56a2f3051de00cf9c84f102259c8644c6bc5cb253bd04b', 'title': '[Epoch-15] MerkleTree Notarization', 'author': '0x0810C422E4abD05c752618B403d26cf60bB50B5C', 'created': 1672679490, 'start': 1672679472, 'end': 1672938672, 'choices': ['Valid', 'Invalid']}"
0x2b285e1B49bA0cB6f71D8b0D9cAFdFBf9868fDA9,1,1672727047,"{'id': '0xb74e685ab7d692faea56a2f3051de00cf9c84f102259c8644c6bc5cb253bd04b', 'title': '[Epoch-15] MerkleTree Notarization', 'author': '0x0810C422E4abD05c752618B403d26cf60bB50B5C', 'created': 1672679490, 'start': 1672679472, 'end': 1672938672, 'choices': ['Valid', 'Invalid']}"
0x8e851e94e1667Cd76Dda1A49f258934E2BCDCF3e,1,1672726509,"{'id': '0xb74e685ab7d692faea56a2f3051de00cf9c84f102259c8644c6bc5cb253bd04b', 'title': '[Epoch-15] MerkleTree Notarization', 'author': '0x0810C422E4abD05c752618B403d26cf60bB50B5C', 'created': 1672679490, 'start': 1672679472, 'end': 1672938672, 'choices': ['Valid', 'Invalid']}"
0xEC6Ba66a6D19fC4B6e123fBDBa59e310d6D767E0,1,1672724020,"{'id': '0xb74e685ab7d692faea56a2f3051de00cf9c84f102259c8644c6bc5cb253bd04b', 'title': '[Epoch-15] MerkleTree Notarization', 'author': '0x0810C422E4abD05c752618B403d26cf60bB50B5C', 'created': 1672679490, 'start': 1672679472, 'end': 1672938672, 'choices': ['Valid', 'Invalid']}"
0x7A57546e74Ada6D8d93892Ffa11a57373dB45E13,1,1672720155,"{'id': '0xb74e685ab7d692faea56a2f3051de00cf9c84f102259c8644c6bc5cb253bd04b', 'title': '[Epoch-15] MerkleTree Notarization', 'author': '0x0810C422E4abD05c752618B403d26cf60bB50B5C', 'created': 1672679490, 'start': 1672679472, 'end': 1672938672, 'choices': ['Valid', 'Invalid']}"
0xf08d3B4048f472db9AFCa622fea6C54Cc1fe141C,1,1672720114,"{'id': '0xb74e685ab7d692faea56a2f3051de00cf9c84f102259c8644c6bc5cb253bd04b', 'title': '[Epoch-15] MerkleTree Notarization', 'author': '0x0810C422E4abD05c752618B403d26cf60bB50B5C', 'created': 1672679490, 'start': 1672679472, 'end': 1672938672, 'choices': ['Valid', 'Invalid']}"
0x91B26b4B49525fDFfff2B099190149a52A36c3cA,1,1672717544,"{'id': '0xb74e685ab7d692faea56a2f3051de00cf9c84f102259c8644c6bc5cb253bd04b', 'title': '[Epoch-15] MerkleTree Notarization', 'author': '0x0810C422E4abD05c752618B403d26cf60bB50B5C', 'created': 1672679490, 'start': 1672679472, 'end': 1672938672, 'choices': ['Valid', 'Invalid']}"
0xA742A54E0b9Cd1Cac03c8F569bA4C606694261f9,1,1672713042,"{'id': '0xb74e685ab7d692faea56a2f3051de00cf9c84f102259c8644c6bc5cb253bd04b', 'title': '[Epoch-15] MerkleTree Notarization', 'author': '0x0810C422E4abD05c752618B403d26cf60bB50B5C', 'created': 1672679490, 'start': 1672679472, 'end': 1672938672, 'choices': ['Valid', 'Invalid']}"
0x3070f20f86fDa706Ac380F5060D256028a46eC29,1,1672712240,"{'id': '0xb74e685ab7d692faea56a2f3051de00cf9c84f102259c8644c6bc5cb253bd04b', 'title': '[Epoch-15] MerkleTree Notarization', 'author': '0x0810C422E4abD05c752618B403d26cf60bB50B5C', 'created': 1672679490, 'start': 1672679472, 'end': 1672938672, 'choices': ['Valid', 'Invalid']}"
0xD2602C7bDFC9F413974e944280BbFae275d1B1b6,1,1672709584,"{'id': '0xb74e685ab7d692faea56a2f3051de00cf9c84f102259c8644c6bc5cb253bd04b', 'title': '[Epoch-15] MerkleTree Notarization', 'author': '0x0810C422E4abD05c752618B403d26cf60bB50B5C', 'created': 1672679490, 'start': 1672679472, 'end': 1672938672, 'choices': ['Valid', 'Invalid']}"
0x964Ca78fA3ab137e5BA050DD2C3531B629374A39,1,1672708058,"{'id': '0xb74e685ab7d692faea56a2f3051de00cf9c84f102259c8644c6bc5cb253bd04b', 'title': '[Epoch-15] MerkleTree Notarization', 'author': '0x0810C422E4abD05c752618B403d26cf60bB50B5C', 'created': 1672679490, 'start': 1672679472, 'end': 1672938672, 'choices': ['Valid', 'Invalid']}"
0xEed8e6512ff83092ffe544bD308e94934A113Ea0,1,1672707906,"{'id': '0xb74e685ab7d692faea56a2f3051de00cf9c84f102259c8644c6bc5cb253bd04b', 'title': '[Epoch-15] MerkleTree Notarization', 'author': '0x0810C422E4abD05c752618B403d26cf60bB50B5C', 'created': 1672679490, 'start': 1672679472, 'end': 1672938672, 'choices': ['Valid', 'Invalid']}"
0x22bE1f5e8544e71A390cED1b6a82b477b1127Ce5,1,1672707390,"{'id': '0xb74e685ab7d692faea56a2f3051de00cf9c84f102259c8644c6bc5cb253bd04b', 'title': '[Epoch-15] MerkleTree Notarization', 'author': '0x0810C422E4abD05c752618B403d26cf60bB50B5C', 'created': 1672679490, 'start': 1672679472, 'end': 1672938672, 'choices': ['Valid', 'Invalid']}"
0xb3a7FBC2fa38C18ad4433aE93FE7F215Fd2D057f,1,1672706308,"{'id': '0xb74e685ab7d692faea56a2f3051de00cf9c84f102259c8644c6bc5cb253bd04b', 'title': '[Epoch-15] MerkleTree Notarization', 'author': '0x0810C422E4abD05c752618B403d26cf60bB50B5C', 'created': 1672679490, 'start': 1672679472, 'end': 1672938672, 'choices': ['Valid', 'Invalid']}"
0x7B79c37Bb80cc76Fe6b758c7140228FEcc7e2A2e,1,1672706267,"{'id': '0xb74e685ab7d692faea56a2f3051de00cf9c84f102259c8644c6bc5cb253bd04b', 'title': '[Epoch-15] MerkleTree Notarization', 'author': '0x0810C422E4abD05c752618B403d26cf60bB50B5C', 'created': 1672679490, 'start': 1672679472, 'end': 1672938672, 'choices': ['Valid', 'Invalid']}"
0x73197eD80b1784B2facE98d1600c37190fDbc3D9,1,1672705550,"{'id': '0xb74e685ab7d692faea56a2f3051de00cf9c84f102259c8644c6bc5cb253bd04b', 'title': '[Epoch-15] MerkleTree Notarization', 'author': '0x0810C422E4abD05c752618B403d26cf60bB50B5C', 'created': 1672679490, 'start': 1672679472, 'end': 1672938672, 'choices': ['Valid', 'Invalid']}"
0x1754352eacb753327Fec2d4F48f0fb36B672C5e0,1,1672704981,"{'id': '0xb74e685ab7d692faea56a2f3051de00cf9c84f102259c8644c6bc5cb253bd04b', 'title': '[Epoch-15] MerkleTree Notarization', 'author': '0x0810C422E4abD05c752618B403d26cf60bB50B5C', 'created': 1672679490, 'start': 1672679472, 'end': 1672938672, 'choices': ['Valid', 'Invalid']}"
0xc4d6fdEA25346267441622FeB0e2618544Cef228,1,1672700234,"{'id': '0xb74e685ab7d692faea56a2f3051de00cf9c84f102259c8644c6bc5cb253bd04b', 'title': '[Epoch-15] MerkleTree Notarization', 'author': '0x0810C422E4abD05c752618B403d26cf60bB50B5C', 'created': 1672679490, 'start': 1672679472, 'end': 1672938672, 'choices': ['Valid', 'Invalid']}"
0x7Cfed2A2d4a98680daC6aA55120f5AF2EC562EbD,1,1672696855,"{'id': '0xb74e685ab7d692faea56a2f3051de00cf9c84f102259c8644c6bc5cb253bd04b', 'title': '[Epoch-15] MerkleTree Notarization', 'author': '0x0810C422E4abD05c752618B403d26cf60bB50B5C', 'created': 1672679490, 'start': 1672679472, 'end': 1672938672, 'choices': ['Valid', 'Invalid']}"
0xCaB5541bad35e9ee799BeA9765C3c416D8Cc1Bb8,1,1672695985,"{'id': '0xb74e685ab7d692faea56a2f3051de00cf9c84f102259c8644c6bc5cb253bd04b', 'title': '[Epoch-15] MerkleTree Notarization', 'author': '0x0810C422E4abD05c752618B403d26cf60bB50B5C', 'created': 1672679490, 'start': 1672679472, 'end': 1672938672, 'choices': ['Valid', 'Invalid']}"
0xEDDb8B0C46193cAEa0c2b453fb1e256AB68826Df,1,1672695867,"{'id': '0xb74e685ab7d692faea56a2f3051de00cf9c84f102259c8644c6bc5cb253bd04b', 'title': '[Epoch-15] MerkleTree Notarization', 'author': '0x0810C422E4abD05c752618B403d26cf60bB50B5C', 'created': 1672679490, 'start': 1672679472, 'end': 1672938672, 'choices': ['Valid', 'Invalid']}"
0xFbEA6F2B10e8Ee770F37Fff9B8C9E10d9B65741D,1,1672694857,"{'id': '0xb74e685ab7d692faea56a2f3051de00cf9c84f102259c8644c6bc5cb253bd04b', 'title': '[Epoch-15] MerkleTree Notarization', 'author': '0x0810C422E4abD05c752618B403d26cf60bB50B5C', 'created': 1672679490, 'start': 1672679472, 'end': 1672938672, 'choices': ['Valid', 'Invalid']}"
0x2984Bb4953cfCE2cEc957388BE686D6c38779234,1,1672693917,"{'id': '0xb74e685ab7d692faea56a2f3051de00cf9c84f102259c8644c6bc5cb253bd04b', 'title': '[Epoch-15] MerkleTree Notarization', 'author': '0x0810C422E4abD05c752618B403d26cf60bB50B5C', 'created': 1672679490, 'start': 1672679472, 'end': 1672938672, 'choices': ['Valid', 'Invalid']}"
0x519A0dF0Bd2b586b6F7126799c30A243E13ABCbe,1,1672693269,"{'id': '0xb74e685ab7d692faea56a2f3051de00cf9c84f102259c8644c6bc5cb253bd04b', 'title': '[Epoch-15] MerkleTree Notarization', 'author': '0x0810C422E4abD05c752618B403d26cf60bB50B5C', 'created': 1672679490, 'start': 1672679472, 'end': 1672938672, 'choices': ['Valid', 'Invalid']}"
0x2024F13B2Fdb7957FEb422Af38eDd5218e79cE05,1,1672693208,"{'id': '0xb74e685ab7d692faea56a2f3051de00cf9c84f102259c8644c6bc5cb253bd04b', 'title': '[Epoch-15] MerkleTree Notarization', 'author': '0x0810C422E4abD05c752618B403d26cf60bB50B5C', 'created': 1672679490, 'start': 1672679472, 'end': 1672938672, 'choices': ['Valid', 'Invalid']}"
0x6b49c89dc6480094c234a0dB749de8649D44B1Fa,1,1672693155,"{'id': '0xb74e685ab7d692faea56a2f3051de00cf9c84f102259c8644c6bc5cb253bd04b', 'title': '[Epoch-15] MerkleTree Notarization', 'author': '0x0810C422E4abD05c752618B403d26cf60bB50B5C', 'created': 1672679490, 'start': 1672679472, 'end': 1672938672, 'choices': ['Valid', 'Invalid']}"
0xefE7a2bbe01adc090AB28eD422a359b553aAbC16,1,1672691963,"{'id': '0xb74e685ab7d692faea56a2f3051de00cf9c84f102259c8644c6bc5cb253bd04b', 'title': '[Epoch-15] MerkleTree Notarization', 'author': '0x0810C422E4abD05c752618B403d26cf60bB50B5C', 'created': 1672679490, 'start': 1672679472, 'end': 1672938672, 'choices': ['Valid', 'Invalid']}"
0x2437Db820DE92d8DD64B524954fA0D160767c471,1,1672690786,"{'id': '0xb74e685ab7d692faea56a2f3051de00cf9c84f102259c8644c6bc5cb253bd04b', 'title': '[Epoch-15] MerkleTree Notarization', 'author': '0x0810C422E4abD05c752618B403d26cf60bB50B5C', 'created': 1672679490, 'start': 1672679472, 'end': 1672938672, 'choices': ['Valid', 'Invalid']}"
0x65B0F840ea292fc284C23Fc839e65b3951d46195,1,1672689343,"{'id': '0xb74e685ab7d692faea56a2f3051de00cf9c84f102259c8644c6bc5cb253bd04b', 'title': '[Epoch-15] MerkleTree Notarization', 'author': '0x0810C422E4abD05c752618B403d26cf60bB50B5C', 'created': 1672679490, 'start': 1672679472, 'end': 1672938672, 'choices': ['Valid', 'Invalid']}"
0x64B7fcC8C17540139BDd84d00c7261035602Cb66,1,1672688401,"{'id': '0xb74e685ab7d692faea56a2f3051de00cf9c84f102259c8644c6bc5cb253bd04b', 'title': '[Epoch-15] MerkleTree Notarization', 'author': '0x0810C422E4abD05c752618B403d26cf60bB50B5C', 'created': 1672679490, 'start': 1672679472, 'end': 1672938672, 'choices': ['Valid', 'Invalid']}"
0xcFF03aB20709c928d7478764473e386F7b23EDD1,1,1672687442,"{'id': '0xb74e685ab7d692faea56a2f3051de00cf9c84f102259c8644c6bc5cb253bd04b', 'title': '[Epoch-15] MerkleTree Notarization', 'author': '0x0810C422E4abD05c752618B403d26cf60bB50B5C', 'created': 1672679490, 'start': 1672679472, 'end': 1672938672, 'choices': ['Valid', 'Invalid']}"
0x5b05DF99fC93d76d31603427798c58fe15b62431,1,1672686909,"{'id': '0xb74e685ab7d692faea56a2f3051de00cf9c84f102259c8644c6bc5cb253bd04b', 'title': '[Epoch-15] MerkleTree Notarization', 'author': '0x0810C422E4abD05c752618B403d26cf60bB50B5C', 'created': 1672679490, 'start': 1672679472, 'end': 1672938672, 'choices': ['Valid', 'Invalid']}"
0x477c8ece9393713D258169Aa50cDaF27E422214d,1,1672686502,"{'id': '0xb74e685ab7d692faea56a2f3051de00cf9c84f102259c8644c6bc5cb253bd04b', 'title': '[Epoch-15] MerkleTree Notarization', 'author': '0x0810C422E4abD05c752618B403d26cf60bB50B5C', 'created': 1672679490, 'start': 1672679472, 'end': 1672938672, 'choices': ['Valid', 'Invalid']}"
0xd39ce81CE8e7243494d4149d05dDDD536ddc2e55,1,1672686057,"{'id': '0xb74e685ab7d692faea56a2f3051de00cf9c84f102259c8644c6bc5cb253bd04b', 'title': '[Epoch-15] MerkleTree Notarization', 'author': '0x0810C422E4abD05c752618B403d26cf60bB50B5C', 'created': 1672679490, 'start': 1672679472, 'end': 1672938672, 'choices': ['Valid', 'Invalid']}"
0x19a61e7238270CA99F931C08D7BcfF1984F38AE4,1,1672684170,"{'id': '0xb74e685ab7d692faea56a2f3051de00cf9c84f102259c8644c6bc5cb253bd04b', 'title': '[Epoch-15] MerkleTree Notarization', 'author': '0x0810C422E4abD05c752618B403d26cf60bB50B5C', 'created': 1672679490, 'start': 1672679472, 'end': 1672938672, 'choices': ['Valid', 'Invalid']}"
0x5c2cF283C3baCB15b3137d5E8af30643b33189b0,1,1672683851,"{'id': '0xb74e685ab7d692faea56a2f3051de00cf9c84f102259c8644c6bc5cb253bd04b', 'title': '[Epoch-15] MerkleTree Notarization', 'author': '0x0810C422E4abD05c752618B403d26cf60bB50B5C', 'created': 1672679490, 'start': 1672679472, 'end': 1672938672, 'choices': ['Valid', 'Invalid']}"
0x25CC275CFE3Cce1700E816e00d4CD1f60872038A,1,1672683656,"{'id': '0xb74e685ab7d692faea56a2f3051de00cf9c84f102259c8644c6bc5cb253bd04b', 'title': '[Epoch-15] MerkleTree Notarization', 'author': '0x0810C422E4abD05c752618B403d26cf60bB50B5C', 'created': 1672679490, 'start': 1672679472, 'end': 1672938672, 'choices': ['Valid', 'Invalid']}"
0x096CCeE5E0e56913cAE154e59a36a3B4c0A00276,1,1672683614,"{'id': '0xb74e685ab7d692faea56a2f3051de00cf9c84f102259c8644c6bc5cb253bd04b', 'title': '[Epoch-15] MerkleTree Notarization', 'author': '0x0810C422E4abD05c752618B403d26cf60bB50B5C', 'created': 1672679490, 'start': 1672679472, 'end': 1672938672, 'choices': ['Valid', 'Invalid']}"
0x7d0a2547b23e5F91F448bD9D2ae994748Af2C1E3,1,1672683331,"{'id': '0xb74e685ab7d692faea56a2f3051de00cf9c84f102259c8644c6bc5cb253bd04b', 'title': '[Epoch-15] MerkleTree Notarization', 'author': '0x0810C422E4abD05c752618B403d26cf60bB50B5C', 'created': 1672679490, 'start': 1672679472, 'end': 1672938672, 'choices': ['Valid', 'Invalid']}"
0x426cf0A8423A9522A78cd3325984AE000D425EeB,1,1672682896,"{'id': '0xb74e685ab7d692faea56a2f3051de00cf9c84f102259c8644c6bc5cb253bd04b', 'title': '[Epoch-15] MerkleTree Notarization', 'author': '0x0810C422E4abD05c752618B403d26cf60bB50B5C', 'created': 1672679490, 'start': 1672679472, 'end': 1672938672, 'choices': ['Valid', 'Invalid']}"
0x1959b5EFb8fdD52C688c1D685Ad8F3D82ea27B01,1,1672682651,"{'id': '0xb74e685ab7d692faea56a2f3051de00cf9c84f102259c8644c6bc5cb253bd04b', 'title': '[Epoch-15] MerkleTree Notarization', 'author': '0x0810C422E4abD05c752618B403d26cf60bB50B5C', 'created': 1672679490, 'start': 1672679472, 'end': 1672938672, 'choices': ['Valid', 'Invalid']}"
0xB6fcA91D1c166564cC9888F96b3B553f42C96349,1,1672682357,"{'id': '0xb74e685ab7d692faea56a2f3051de00cf9c84f102259c8644c6bc5cb253bd04b', 'title': '[Epoch-15] MerkleTree Notarization', 'author': '0x0810C422E4abD05c752618B403d26cf60bB50B5C', 'created': 1672679490, 'start': 1672679472, 'end': 1672938672, 'choices': ['Valid', 'Invalid']}"
0xcfF7303b8E08403438c751bF21c04771252fA413,1,1672682109,"{'id': '0xb74e685ab7d692faea56a2f3051de00cf9c84f102259c8644c6bc5cb253bd04b', 'title': '[Epoch-15] MerkleTree Notarization', 'author': '0x0810C422E4abD05c752618B403d26cf60bB50B5C', 'created': 1672679490, 'start': 1672679472, 'end': 1672938672, 'choices': ['Valid', 'Invalid']}"
0xE7bFe9b78d32469796dEB029b2bea3d68773aec4,1,1672681388,"{'id': '0xb74e685ab7d692faea56a2f3051de00cf9c84f102259c8644c6bc5cb253bd04b', 'title': '[Epoch-15] MerkleTree Notarization', 'author': '0x0810C422E4abD05c752618B403d26cf60bB50B5C', 'created': 1672679490, 'start': 1672679472, 'end': 1672938672, 'choices': ['Valid', 'Invalid']}"
0x79939118Ef2af99E20310eCC5CCC0E9697d390FC,1,1672681342,"{'id': '0xb74e685ab7d692faea56a2f3051de00cf9c84f102259c8644c6bc5cb253bd04b', 'title': '[Epoch-15] MerkleTree Notarization', 'author': '0x0810C422E4abD05c752618B403d26cf60bB50B5C', 'created': 1672679490, 'start': 1672679472, 'end': 1672938672, 'choices': ['Valid', 'Invalid']}"
0xFB9e5F5874565A6eF8FCF1DEbc4975501331a8Ca,1,1672681127,"{'id': '0xb74e685ab7d692faea56a2f3051de00cf9c84f102259c8644c6bc5cb253bd04b', 'title': '[Epoch-15] MerkleTree Notarization', 'author': '0x0810C422E4abD05c752618B403d26cf60bB50B5C', 'created': 1672679490, 'start': 1672679472, 'end': 1672938672, 'choices': ['Valid', 'Invalid']}"
0x62661B101ca48734668669a9F1Cb83c4889049F3,1,1672680495,"{'id': '0xb74e685ab7d692faea56a2f3051de00cf9c84f102259c8644c6bc5cb253bd04b', 'title': '[Epoch-15] MerkleTree Notarization', 'author': '0x0810C422E4abD05c752618B403d26cf60bB50B5C', 'created': 1672679490, 'start': 1672679472, 'end': 1672938672, 'choices': ['Valid', 'Invalid']}"
0x43079513eBD84AFb15BE79021C420Fe8055Bc635,1,1672680448,"{'id': '0xb74e685ab7d692faea56a2f3051de00cf9c84f102259c8644c6bc5cb253bd04b', 'title': '[Epoch-15] MerkleTree Notarization', 'author': '0x0810C422E4abD05c752618B403d26cf60bB50B5C', 'created': 1672679490, 'start': 1672679472, 'end': 1672938672, 'choices': ['Valid', 'Invalid']}"
0x16765c8Fe6Eb838CB8f64e425b6DcCab38D4F102,1,1672680347,"{'id': '0xb74e685ab7d692faea56a2f3051de00cf9c84f102259c8644c6bc5cb253bd04b', 'title': '[Epoch-15] MerkleTree Notarization', 'author': '0x0810C422E4abD05c752618B403d26cf60bB50B5C', 'created': 1672679490, 'start': 1672679472, 'end': 1672938672, 'choices': ['Valid', 'Invalid']}"
0x5f73a24771940b8c80b3570694072f606DF913cc,1,1672679979,"{'id': '0xb74e685ab7d692faea56a2f3051de00cf9c84f102259c8644c6bc5cb253bd04b', 'title': '[Epoch-15] MerkleTree Notarization', 'author': '0x0810C422E4abD05c752618B403d26cf60bB50B5C', 'created': 1672679490, 'start': 1672679472, 'end': 1672938672, 'choices': ['Valid', 'Invalid']}"
0x0810C422E4abD05c752618B403d26cf60bB50B5C,1,1672679752,"{'id': '0xb74e685ab7d692faea56a2f3051de00cf9c84f102259c8644c6bc5cb253bd04b', 'title': '[Epoch-15] MerkleTree Notarization', 'author': '0x0810C422E4abD05c752618B403d26cf60bB50B5C', 'created': 1672679490, 'start': 1672679472, 'end': 1672938672, 'choices': ['Valid', 'Invalid']}"
0x00C67d9D6D3D13b42a87424E145826c467CcCd84,1,1672679745,"{'id': '0xb74e685ab7d692faea56a2f3051de00cf9c84f102259c8644c6bc5cb253bd04b', 'title': '[Epoch-15] MerkleTree Notarization', 'author': '0x0810C422E4abD05c752618B403d26cf60bB50B5C', 'created': 1672679490, 'start': 1672679472, 'end': 1672938672, 'choices': ['Valid', 'Invalid']}"
